method,model,n_stations,device,n_gpus,n_cpus,K,runtime_s,metric,success_rate,path,p_f1,s_f1
native,EQCCT,250,cpu,0,5,,26.623537600000002,inference_s,1.0,annotate_bf16/stead/250st/EQCCT/cpu/cpus5/thr5/bs512/merged/xfer/result.json,0.8978723404255319,0.9423868312757201
native,EQCCT,250,cpu,0,10,,24.5225738,inference_s,1.0,annotate_bf16/stead/250st/EQCCT/cpu/cpus10/thr10/bs512/merged/xfer/result.json,0.8978723404255319,0.9423868312757201
native,EQCCT,250,cpu,0,15,,23.1284764,inference_s,1.0,annotate_bf16/stead/250st/EQCCT/cpu/cpus15/thr15/bs512/merged/xfer/result.json,0.8978723404255319,0.9423868312757201
native,EQCCT,250,cpu,0,20,,22.7918236,inference_s,1.0,annotate_bf16/stead/250st/EQCCT/cpu/cpus20/thr20/bs512/merged/xfer/result.json,0.8978723404255319,0.9423868312757201
native,EQCCT,250,gpu,1,5,,0.7077272,inference_s,1.0,annotate_bf16/stead/250st/EQCCT/gpu/cpus5/thr5/bs512/merged/xfer/result.json,0.8978723404255319,0.9423868312757201
native,EQCCT,250,gpu,1,10,,0.7298148,inference_s,1.0,annotate_bf16/stead/250st/EQCCT/gpu/cpus10/thr10/bs512/merged/xfer/result.json,0.8978723404255319,0.9423868312757201
native,EQCCT,250,gpu,1,15,,0.7440554,inference_s,1.0,annotate_bf16/stead/250st/EQCCT/gpu/cpus15/thr15/bs512/merged/xfer/result.json,0.8978723404255319,0.9423868312757201
native,EQCCT,250,gpu,1,20,,0.733289,inference_s,1.0,annotate_bf16/stead/250st/EQCCT/gpu/cpus20/thr20/bs512/merged/xfer/result.json,0.8978723404255319,0.9423868312757201
native,EQCCT,580,cpu,0,5,,59.342576,inference_s,1.0,annotate_bf16/stead/580st/EQCCT/cpu/cpus5/thr5/bs512/merged/xfer/result.json,0.90524379024839,0.9463500439753737
native,EQCCT,580,cpu,0,10,,50.2615328,inference_s,1.0,annotate_bf16/stead/580st/EQCCT/cpu/cpus10/thr10/bs512/merged/xfer/result.json,0.90524379024839,0.9463500439753737
native,EQCCT,580,cpu,0,15,,49.064278,inference_s,1.0,annotate_bf16/stead/580st/EQCCT/cpu/cpus15/thr15/bs512/merged/xfer/result.json,0.90524379024839,0.9463500439753737
native,EQCCT,580,cpu,0,20,,47.2152834,inference_s,1.0,annotate_bf16/stead/580st/EQCCT/cpu/cpus20/thr20/bs512/merged/xfer/result.json,0.90524379024839,0.9463500439753737
native,EQCCT,580,gpu,1,5,,1.6403616,inference_s,1.0,annotate_bf16/stead/580st/EQCCT/gpu/cpus5/thr5/bs512/merged/xfer/result.json,0.90524379024839,0.9463500439753737
native,EQCCT,580,gpu,1,10,,1.6558826,inference_s,1.0,annotate_bf16/stead/580st/EQCCT/gpu/cpus10/thr10/bs512/merged/xfer/result.json,0.90524379024839,0.9463500439753737
native,EQCCT,580,gpu,1,15,,1.6682576,inference_s,1.0,annotate_bf16/stead/580st/EQCCT/gpu/cpus15/thr15/bs512/merged/xfer/result.json,0.90524379024839,0.9463500439753737
native,EQCCT,580,gpu,1,20,,1.650301,inference_s,1.0,annotate_bf16/stead/580st/EQCCT/gpu/cpus20/thr20/bs512/merged/xfer/result.json,0.90524379024839,0.9463500439753737
native,EQT-NC,250,cpu,0,5,,4.9790852,inference_s,1.0,annotate_bf16/stead/250st/EQT-NC/cpu/cpus5/thr5/bs512/merged/xfer/result.json,0.9083155650319829,0.962962962962963
native,EQT-NC,250,cpu,0,10,,4.17947,inference_s,1.0,annotate_bf16/stead/250st/EQT-NC/cpu/cpus10/thr10/bs512/merged/xfer/result.json,0.9083155650319829,0.962962962962963
native,EQT-NC,250,cpu,0,15,,4.1259276,inference_s,1.0,annotate_bf16/stead/250st/EQT-NC/cpu/cpus15/thr15/bs512/merged/xfer/result.json,0.9083155650319829,0.962962962962963
native,EQT-NC,250,cpu,0,20,,3.6503538,inference_s,1.0,annotate_bf16/stead/250st/EQT-NC/cpu/cpus20/thr20/bs512/merged/xfer/result.json,0.9083155650319829,0.962962962962963
native,EQT-NC,250,gpu,1,5,,0.5543662,inference_s,1.0,annotate_bf16/stead/250st/EQT-NC/gpu/cpus5/thr5/bs512/merged/xfer/result.json,0.9102564102564101,0.9670781893004115
native,EQT-NC,250,gpu,1,10,,0.5732102,inference_s,1.0,annotate_bf16/stead/250st/EQT-NC/gpu/cpus10/thr10/bs512/merged/xfer/result.json,0.9102564102564101,0.9670781893004115
native,EQT-NC,250,gpu,1,15,,0.518214,inference_s,1.0,annotate_bf16/stead/250st/EQT-NC/gpu/cpus15/thr15/bs512/merged/xfer/result.json,0.9102564102564101,0.9670781893004115
native,EQT-NC,250,gpu,1,20,,0.487952,inference_s,1.0,annotate_bf16/stead/250st/EQT-NC/gpu/cpus20/thr20/bs512/merged/xfer/result.json,0.9102564102564101,0.9670781893004115
native,EQT-NC,580,cpu,0,5,,11.9280738,inference_s,1.0,annotate_bf16/stead/580st/EQT-NC/cpu/cpus5/thr5/bs512/merged/xfer/result.json,0.9142857142857143,0.9638766519823789
native,EQT-NC,580,cpu,0,10,,9.5339734,inference_s,1.0,annotate_bf16/stead/580st/EQT-NC/cpu/cpus10/thr10/bs512/merged/xfer/result.json,0.9142857142857143,0.9638766519823789
native,EQT-NC,580,cpu,0,15,,9.9964968,inference_s,1.0,annotate_bf16/stead/580st/EQT-NC/cpu/cpus15/thr15/bs512/merged/xfer/result.json,0.9142857142857143,0.9638766519823789
native,EQT-NC,580,cpu,0,20,,8.7714114,inference_s,1.0,annotate_bf16/stead/580st/EQT-NC/cpu/cpus20/thr20/bs512/merged/xfer/result.json,0.9142857142857143,0.9638766519823789
native,EQT-NC,580,gpu,1,5,,1.0756816,inference_s,1.0,annotate_bf16/stead/580st/EQT-NC/gpu/cpus5/thr5/bs512/merged/xfer/result.json,0.915129151291513,0.9656387665198237
native,EQT-NC,580,gpu,1,10,,1.0404856,inference_s,1.0,annotate_bf16/stead/580st/EQT-NC/gpu/cpus10/thr10/bs512/merged/xfer/result.json,0.915129151291513,0.9656387665198237
native,EQT-NC,580,gpu,1,15,,1.0627482,inference_s,1.0,annotate_bf16/stead/580st/EQT-NC/gpu/cpus15/thr15/bs512/merged/xfer/result.json,0.915129151291513,0.9656387665198237
native,EQT-NC,580,gpu,1,20,,1.062915,inference_s,1.0,annotate_bf16/stead/580st/EQT-NC/gpu/cpus20/thr20/bs512/merged/xfer/result.json,0.915129151291513,0.9656387665198237
native,EQTransformer,250,cpu,0,5,,5.2812642,inference_s,1.0,annotate_bf16/stead/250st/EQTransformer/cpu/cpus5/thr5/bs512/merged/xfer/result.json,0.9063829787234042,0.9608247422680413
native,EQTransformer,250,cpu,0,10,,4.086784,inference_s,1.0,annotate_bf16/stead/250st/EQTransformer/cpu/cpus10/thr10/bs512/merged/xfer/result.json,0.9063829787234042,0.9608247422680413
native,EQTransformer,250,cpu,0,15,,3.9013858,inference_s,1.0,annotate_bf16/stead/250st/EQTransformer/cpu/cpus15/thr15/bs512/merged/xfer/result.json,0.9063829787234042,0.9608247422680413
native,EQTransformer,250,cpu,0,20,,3.7237942,inference_s,1.0,annotate_bf16/stead/250st/EQTransformer/cpu/cpus20/thr20/bs512/merged/xfer/result.json,0.9063829787234042,0.9608247422680413
native,EQTransformer,250,gpu,1,5,,0.5724976,inference_s,1.0,annotate_bf16/stead/250st/EQTransformer/gpu/cpus5/thr5/bs512/merged/xfer/result.json,0.9087048832271761,0.9608247422680413
native,EQTransformer,250,gpu,1,10,,0.5741028,inference_s,1.0,annotate_bf16/stead/250st/EQTransformer/gpu/cpus10/thr10/bs512/merged/xfer/result.json,0.9087048832271761,0.9608247422680413
native,EQTransformer,250,gpu,1,15,,0.6531248,inference_s,1.0,annotate_bf16/stead/250st/EQTransformer/gpu/cpus15/thr15/bs512/merged/xfer/result.json,0.9087048832271761,0.9608247422680413
native,EQTransformer,250,gpu,1,20,,0.6210220000000001,inference_s,1.0,annotate_bf16/stead/250st/EQTransformer/gpu/cpus20/thr20/bs512/merged/xfer/result.json,0.9087048832271761,0.9608247422680413
native,EQTransformer,580,cpu,0,5,,12.260553400000001,inference_s,1.0,annotate_bf16/stead/580st/EQTransformer/cpu/cpus5/thr5/bs512/merged/xfer/result.json,0.9142857142857143,0.9656387665198237
native,EQTransformer,580,cpu,0,10,,9.7973412,inference_s,1.0,annotate_bf16/stead/580st/EQTransformer/cpu/cpus10/thr10/bs512/merged/xfer/result.json,0.9142857142857143,0.9656387665198237
native,EQTransformer,580,cpu,0,15,,10.6493102,inference_s,1.0,annotate_bf16/stead/580st/EQTransformer/cpu/cpus15/thr15/bs512/merged/xfer/result.json,0.9142857142857143,0.9656387665198237
native,EQTransformer,580,cpu,0,20,,8.3842466,inference_s,1.0,annotate_bf16/stead/580st/EQTransformer/cpu/cpus20/thr20/bs512/merged/xfer/result.json,0.9142857142857143,0.9656387665198237
native,EQTransformer,580,gpu,1,5,,1.2535456,inference_s,1.0,annotate_bf16/stead/580st/EQTransformer/gpu/cpus5/thr5/bs512/merged/xfer/result.json,0.9152854511970534,0.9656387665198237
native,EQTransformer,580,gpu,1,10,,1.3513516,inference_s,1.0,annotate_bf16/stead/580st/EQTransformer/gpu/cpus10/thr10/bs512/merged/xfer/result.json,0.9152854511970534,0.9656387665198237
native,EQTransformer,580,gpu,1,15,,1.3313314,inference_s,1.0,annotate_bf16/stead/580st/EQTransformer/gpu/cpus15/thr15/bs512/merged/xfer/result.json,0.9152854511970534,0.9656387665198237
native,EQTransformer,580,gpu,1,20,,1.3120346,inference_s,1.0,annotate_bf16/stead/580st/EQTransformer/gpu/cpus20/thr20/bs512/merged/xfer/result.json,0.9152854511970534,0.9656387665198237
native,PhaseNet,250,cpu,0,5,,1.4444686,inference_s,1.0,annotate_bf16/stead/250st/PhaseNet/cpu/cpus5/thr5/bs512/merged/xfer/result.json,0.9641434262948207,0.9336016096579478
native,PhaseNet,250,cpu,0,10,,1.172997,inference_s,1.0,annotate_bf16/stead/250st/PhaseNet/cpu/cpus10/thr10/bs512/merged/xfer/result.json,0.9641434262948207,0.9336016096579478
native,PhaseNet,250,cpu,0,15,,1.0965066,inference_s,1.0,annotate_bf16/stead/250st/PhaseNet/cpu/cpus15/thr15/bs512/merged/xfer/result.json,0.9641434262948207,0.9336016096579478
native,PhaseNet,250,cpu,0,20,,0.9882184,inference_s,1.0,annotate_bf16/stead/250st/PhaseNet/cpu/cpus20/thr20/bs512/merged/xfer/result.json,0.9641434262948207,0.9336016096579478
native,PhaseNet,250,gpu,1,5,,0.338415,inference_s,1.0,annotate_bf16/stead/250st/PhaseNet/gpu/cpus5/thr5/bs512/merged/xfer/result.json,0.9620758483033932,0.9314516129032259
native,PhaseNet,250,gpu,1,10,,0.3424132,inference_s,1.0,annotate_bf16/stead/250st/PhaseNet/gpu/cpus10/thr10/bs512/merged/xfer/result.json,0.9620758483033932,0.9314516129032259
native,PhaseNet,250,gpu,1,15,,0.358011,inference_s,1.0,annotate_bf16/stead/250st/PhaseNet/gpu/cpus15/thr15/bs512/merged/xfer/result.json,0.9620758483033932,0.9314516129032259
native,PhaseNet,250,gpu,1,20,,0.3763372,inference_s,1.0,annotate_bf16/stead/250st/PhaseNet/gpu/cpus20/thr20/bs512/merged/xfer/result.json,0.9620758483033932,0.9314516129032259
native,PhaseNet,580,cpu,0,5,,3.433611,inference_s,1.0,annotate_bf16/stead/580st/PhaseNet/cpu/cpus5/thr5/bs512/merged/xfer/result.json,0.9742710120068611,0.9365351629502573
native,PhaseNet,580,cpu,0,10,,2.7605726,inference_s,1.0,annotate_bf16/stead/580st/PhaseNet/cpu/cpus10/thr10/bs512/merged/xfer/result.json,0.9742710120068611,0.9365351629502573
native,PhaseNet,580,cpu,0,15,,2.6170682,inference_s,1.0,annotate_bf16/stead/580st/PhaseNet/cpu/cpus15/thr15/bs512/merged/xfer/result.json,0.9742710120068611,0.9365351629502573
native,PhaseNet,580,cpu,0,20,,2.3804528,inference_s,1.0,annotate_bf16/stead/580st/PhaseNet/cpu/cpus20/thr20/bs512/merged/xfer/result.json,0.9742710120068611,0.9365351629502573
native,PhaseNet,580,gpu,1,5,,0.9191118,inference_s,1.0,annotate_bf16/stead/580st/PhaseNet/gpu/cpus5/thr5/bs512/merged/xfer/result.json,0.9733905579399142,0.9366438356164384
native,PhaseNet,580,gpu,1,10,,0.9167916,inference_s,1.0,annotate_bf16/stead/580st/PhaseNet/gpu/cpus10/thr10/bs512/merged/xfer/result.json,0.9733905579399142,0.9366438356164384
native,PhaseNet,580,gpu,1,15,,0.847298,inference_s,1.0,annotate_bf16/stead/580st/PhaseNet/gpu/cpus15/thr15/bs512/merged/xfer/result.json,0.9733905579399142,0.9366438356164384
native,PhaseNet,580,gpu,1,20,,0.9443622,inference_s,1.0,annotate_bf16/stead/580st/PhaseNet/gpu/cpus20/thr20/bs512/merged/xfer/result.json,0.9733905579399142,0.9366438356164384
native,PhaseNetLight,250,cpu,0,5,,0.5082026,inference_s,1.0,annotate_bf16/stead/250st/PhaseNetLight/cpu/cpus5/thr5/bs512/merged/xfer/result.json,0.9409448818897638,0.9437751004016064
native,PhaseNetLight,250,cpu,0,10,,0.436653,inference_s,1.0,annotate_bf16/stead/250st/PhaseNetLight/cpu/cpus10/thr10/bs512/merged/xfer/result.json,0.9409448818897638,0.9437751004016064
native,PhaseNetLight,250,cpu,0,15,,0.4198474,inference_s,1.0,annotate_bf16/stead/250st/PhaseNetLight/cpu/cpus15/thr15/bs512/merged/xfer/result.json,0.9409448818897638,0.9437751004016064
native,PhaseNetLight,250,cpu,0,20,,0.4187876,inference_s,1.0,annotate_bf16/stead/250st/PhaseNetLight/cpu/cpus20/thr20/bs512/merged/xfer/result.json,0.9409448818897638,0.9437751004016064
native,PhaseNetLight,250,gpu,1,5,,0.38277500000000003,inference_s,1.0,annotate_bf16/stead/250st/PhaseNetLight/gpu/cpus5/thr5/bs512/merged/xfer/result.json,0.9409448818897638,0.9437751004016064
native,PhaseNetLight,250,gpu,1,10,,0.33512200000000003,inference_s,1.0,annotate_bf16/stead/250st/PhaseNetLight/gpu/cpus10/thr10/bs512/merged/xfer/result.json,0.9409448818897638,0.9437751004016064
native,PhaseNetLight,250,gpu,1,15,,0.3372336,inference_s,1.0,annotate_bf16/stead/250st/PhaseNetLight/gpu/cpus15/thr15/bs512/merged/xfer/result.json,0.9409448818897638,0.9437751004016064
native,PhaseNetLight,250,gpu,1,20,,0.340287,inference_s,1.0,annotate_bf16/stead/250st/PhaseNetLight/gpu/cpus20/thr20/bs512/merged/xfer/result.json,0.9409448818897638,0.9437751004016064
native,PhaseNetLight,580,cpu,0,5,,1.3125546,inference_s,1.0,annotate_bf16/stead/580st/PhaseNetLight/cpu/cpus5/thr5/bs512/merged/xfer/result.json,0.958226768968457,0.9445407279029462
native,PhaseNetLight,580,cpu,0,10,,1.0445778,inference_s,1.0,annotate_bf16/stead/580st/PhaseNetLight/cpu/cpus10/thr10/bs512/merged/xfer/result.json,0.958226768968457,0.9445407279029462
native,PhaseNetLight,580,cpu,0,15,,1.1266756,inference_s,1.0,annotate_bf16/stead/580st/PhaseNetLight/cpu/cpus15/thr15/bs512/merged/xfer/result.json,0.958226768968457,0.9445407279029462
native,PhaseNetLight,580,cpu,0,20,,1.0315426,inference_s,1.0,annotate_bf16/stead/580st/PhaseNetLight/cpu/cpus20/thr20/bs512/merged/xfer/result.json,0.958226768968457,0.9445407279029462
native,PhaseNetLight,580,gpu,1,5,,0.8143358,inference_s,1.0,annotate_bf16/stead/580st/PhaseNetLight/gpu/cpus5/thr5/bs512/merged/xfer/result.json,0.959114139693356,0.9436253252385083
native,PhaseNetLight,580,gpu,1,10,,0.8155356,inference_s,1.0,annotate_bf16/stead/580st/PhaseNetLight/gpu/cpus10/thr10/bs512/merged/xfer/result.json,0.959114139693356,0.9436253252385083
native,PhaseNetLight,580,gpu,1,15,,0.8115216000000001,inference_s,1.0,annotate_bf16/stead/580st/PhaseNetLight/gpu/cpus15/thr15/bs512/merged/xfer/result.json,0.959114139693356,0.9436253252385083
native,PhaseNetLight,580,gpu,1,20,,0.8257056,inference_s,1.0,annotate_bf16/stead/580st/PhaseNetLight/gpu/cpus20/thr20/bs512/merged/xfer/result.json,0.959114139693356,0.9436253252385083
playback,EQCCT,250,cpu,0,5,5.0,15.7434814,makespan_s,1.0,ma/annotate_bf16/stead/250st/EQCCT/cpu/kma5_krp0/sg/playback/static/bs512/xfer/result.json,0.8978723404255319,0.9423868312757201
playback,EQCCT,250,cpu,0,10,10.0,10.4447422,makespan_s,1.0,ma/annotate_bf16/stead/250st/EQCCT/cpu/kma10_krp0/sg/playback/static/bs512/xfer/result.json,0.8978723404255319,0.9423868312757201
playback,EQCCT,250,cpu,0,20,20.0,11.1963036,makespan_s,1.0,ma/annotate_bf16/stead/250st/EQCCT/cpu/kma20_krp0/sg/playback/static/bs512/xfer/result.json,0.8978723404255319,0.9423868312757201
playback,EQCCT,250,gpu,1,5,4.0,0.651378,makespan_s,1.0,ma/annotate_bf16/stead/250st/EQCCT/gpu/kma4_krp0/sg/playback/static/bs512/xfer/result.json,0.8978723404255319,0.9423868312757201
playback,EQCCT,580,cpu,0,5,5.0,36.920696,makespan_s,1.0,ma/annotate_bf16/stead/580st/EQCCT/cpu/kma5_krp0/sg/playback/static/bs512/xfer/result.json,0.90524379024839,0.9463500439753737
playback,EQCCT,580,cpu,0,10,10.0,24.4891816,makespan_s,1.0,ma/annotate_bf16/stead/580st/EQCCT/cpu/kma10_krp0/sg/playback/static/bs512/xfer/result.json,0.90524379024839,0.9463500439753737
playback,EQCCT,580,cpu,0,20,20.0,26.2038038,makespan_s,1.0,ma/annotate_bf16/stead/580st/EQCCT/cpu/kma20_krp0/sg/playback/static/bs512/xfer/result.json,0.90524379024839,0.9463500439753737
playback,EQCCT,580,gpu,1,5,4.0,1.2623844,makespan_s,1.0,ma/annotate_bf16/stead/580st/EQCCT/gpu/kma4_krp0/sg/playback/static/bs512/xfer/result.json,0.90524379024839,0.9463500439753737
playback,EQT-NC,250,cpu,0,5,5.0,4.8967704,makespan_s,1.0,ma/annotate_bf16/stead/250st/EQT-NC/cpu/kma5_krp0/sg/playback/static/bs512/xfer/result.json,0.9083155650319829,0.962962962962963
playback,EQT-NC,250,cpu,0,10,10.0,3.1210664,makespan_s,1.0,ma/annotate_bf16/stead/250st/EQT-NC/cpu/kma10_krp0/sg/playback/static/bs512/xfer/result.json,0.9083155650319829,0.962962962962963
playback,EQT-NC,250,gpu,1,5,4.0,0.6928614,makespan_s,1.0,ma/annotate_bf16/stead/250st/EQT-NC/gpu/kma4_krp0/sg/playback/static/bs512/xfer/result.json,0.9102564102564101,0.9670781893004115
playback,EQT-NC,580,cpu,0,5,5.0,11.7514558,makespan_s,1.0,ma/annotate_bf16/stead/580st/EQT-NC/cpu/kma5_krp0/sg/playback/static/bs512/xfer/result.json,0.9142857142857143,0.9638766519823789
playback,EQT-NC,580,cpu,0,10,10.0,7.4933442,makespan_s,1.0,ma/annotate_bf16/stead/580st/EQT-NC/cpu/kma10_krp0/sg/playback/static/bs512/xfer/result.json,0.9142857142857143,0.9638766519823789
playback,EQT-NC,580,cpu,0,20,20.0,7.1330860000000005,makespan_s,1.0,ma/annotate_bf16/stead/580st/EQT-NC/cpu/kma20_krp0/sg/playback/static/bs512/xfer/result.json,0.9142857142857143,0.9638766519823789
playback,EQT-NC,580,gpu,1,5,4.0,1.1779492,makespan_s,1.0,ma/annotate_bf16/stead/580st/EQT-NC/gpu/kma4_krp0/sg/playback/static/bs512/xfer/result.json,0.915129151291513,0.9656387665198237
playback,EQTransformer,250,cpu,0,5,5.0,4.8721774,makespan_s,1.0,ma/annotate_bf16/stead/250st/EQTransformer/cpu/kma5_krp0/sg/playback/static/bs512/xfer/result.json,0.9063829787234042,0.9608247422680413
playback,EQTransformer,250,cpu,0,10,10.0,3.2362292,makespan_s,1.0,ma/annotate_bf16/stead/250st/EQTransformer/cpu/kma10_krp0/sg/playback/static/bs512/xfer/result.json,0.9063829787234042,0.9608247422680413
playback,EQTransformer,250,gpu,1,5,4.0,0.9887658,makespan_s,1.0,ma/annotate_bf16/stead/250st/EQTransformer/gpu/kma4_krp0/sg/playback/static/bs512/xfer/result.json,0.9087048832271761,0.9608247422680413
playback,EQTransformer,580,cpu,0,5,5.0,11.4820436,makespan_s,1.0,ma/annotate_bf16/stead/580st/EQTransformer/cpu/kma5_krp0/sg/playback/static/bs512/xfer/result.json,0.9142857142857143,0.9656387665198237
playback,EQTransformer,580,cpu,0,10,10.0,7.6587072,makespan_s,1.0,ma/annotate_bf16/stead/580st/EQTransformer/cpu/kma10_krp0/sg/playback/static/bs512/xfer/result.json,0.9142857142857143,0.9656387665198237
playback,EQTransformer,580,cpu,0,20,20.0,6.8029178,makespan_s,1.0,ma/annotate_bf16/stead/580st/EQTransformer/cpu/kma20_krp0/sg/playback/static/bs512/xfer/result.json,0.9142857142857143,0.9656387665198237
playback,EQTransformer,580,gpu,1,5,4.0,1.4360736,makespan_s,1.0,ma/annotate_bf16/stead/580st/EQTransformer/gpu/kma4_krp0/sg/playback/static/bs512/xfer/result.json,0.9152854511970534,0.9656387665198237
playback,PhaseNet,250,cpu,0,5,5.0,1.681174,makespan_s,1.0,ma/annotate_bf16/stead/250st/PhaseNet/cpu/kma5_krp0/sg/playback/static/bs512/xfer/result.json,0.9641434262948207,0.9336016096579478
playback,PhaseNet,250,cpu,0,10,10.0,0.997333,makespan_s,1.0,ma/annotate_bf16/stead/250st/PhaseNet/cpu/kma10_krp0/sg/playback/static/bs512/xfer/result.json,0.9641434262948207,0.9336016096579478
playback,PhaseNet,250,gpu,1,5,2.0,0.3471226,makespan_s,1.0,ma/annotate_bf16/stead/250st/PhaseNet/gpu/kma2_krp0/sg/playback/static/bs512/xfer/result.json,0.9620758483033932,0.9314516129032259
playback,PhaseNet,580,cpu,0,5,5.0,3.356858,makespan_s,1.0,ma/annotate_bf16/stead/580st/PhaseNet/cpu/kma5_krp0/sg/playback/static/bs512/xfer/result.json,0.9742710120068611,0.9365351629502573
playback,PhaseNet,580,cpu,0,10,10.0,2.3769016,makespan_s,1.0,ma/annotate_bf16/stead/580st/PhaseNet/cpu/kma10_krp0/sg/playback/static/bs512/xfer/result.json,0.9742710120068611,0.9365351629502573
playback,PhaseNet,580,cpu,0,20,20.0,2.289269,makespan_s,1.0,ma/annotate_bf16/stead/580st/PhaseNet/cpu/kma20_krp0/sg/playback/static/bs512/xfer/result.json,0.9742710120068611,0.9365351629502573
playback,PhaseNet,580,gpu,1,5,4.0,0.4422586,makespan_s,1.0,ma/annotate_bf16/stead/580st/PhaseNet/gpu/kma4_krp0/sg/playback/static/bs512/xfer/result.json,0.9733905579399142,0.9366438356164384
playback,PhaseNetLight,250,cpu,0,5,5.0,0.379089,makespan_s,1.0,ma/annotate_bf16/stead/250st/PhaseNetLight/cpu/kma5_krp0/sg/playback/static/bs512/xfer/result.json,0.9409448818897638,0.9437751004016064
playback,PhaseNetLight,250,cpu,0,10,10.0,0.2705098,makespan_s,1.0,ma/annotate_bf16/stead/250st/PhaseNetLight/cpu/kma10_krp0/sg/playback/static/bs512/xfer/result.json,0.9409448818897638,0.9437751004016064
playback,PhaseNetLight,250,gpu,1,5,4.0,0.2405348,makespan_s,1.0,ma/annotate_bf16/stead/250st/PhaseNetLight/gpu/kma4_krp0/sg/playback/static/bs512/xfer/result.json,0.9409448818897638,0.9437751004016064
playback,PhaseNetLight,580,cpu,0,5,5.0,0.7939856,makespan_s,1.0,ma/annotate_bf16/stead/580st/PhaseNetLight/cpu/kma5_krp0/sg/playback/static/bs512/xfer/result.json,0.958226768968457,0.9445407279029462
playback,PhaseNetLight,580,cpu,0,10,10.0,0.5586964,makespan_s,1.0,ma/annotate_bf16/stead/580st/PhaseNetLight/cpu/kma10_krp0/sg/playback/static/bs512/xfer/result.json,0.958226768968457,0.9445407279029462
playback,PhaseNetLight,580,cpu,0,20,20.0,0.5714132,makespan_s,1.0,ma/annotate_bf16/stead/580st/PhaseNetLight/cpu/kma20_krp0/sg/playback/static/bs512/xfer/result.json,0.958226768968457,0.9445407279029462
playback,PhaseNetLight,580,gpu,1,5,4.0,0.3885652,makespan_s,1.0,ma/annotate_bf16/stead/580st/PhaseNetLight/gpu/kma4_krp0/sg/playback/static/bs512/xfer/result.json,0.959114139693356,0.9436253252385083
staggered,EQCCT,250,cpu,0,5,5.0,14.439515,p95_finish_minus_ready_s,1.0,ma/annotate_bf16/stead/250st/EQCCT/cpu/kma5_krp0/sg/staggered/eager/bs512/xfer/result.json,0.8978723404255319,0.9423868312757201
staggered,EQCCT,250,cpu,0,10,10.0,9.406748,p95_finish_minus_ready_s,1.0,ma/annotate_bf16/stead/250st/EQCCT/cpu/kma10_krp0/sg/staggered/eager/bs512/xfer/result.json,0.8978723404255319,0.9423868312757201
staggered,EQCCT,250,cpu,0,20,20.0,8.617445,p95_finish_minus_ready_s,1.0,ma/annotate_bf16/stead/250st/EQCCT/cpu/kma20_krp0/sg/staggered/eager/bs512/xfer/result.json,0.8978723404255319,0.9423868312757201
staggered,EQCCT,250,gpu,1,5,4.0,0.6809370499999998,p95_finish_minus_ready_s,1.0,ma/annotate_bf16/stead/250st/EQCCT/gpu/kma4_krp0/sg/staggered/eager/bs512/xfer/result.json,0.8978723404255319,0.9423868312757201
staggered,EQCCT,580,cpu,0,5,5.0,36.729424,p95_finish_minus_ready_s,1.0,ma/annotate_bf16/stead/580st/EQCCT/cpu/kma5_krp0/sg/staggered/eager/bs512/xfer/result.json,0.90524379024839,0.9463500439753737
staggered,EQCCT,580,cpu,0,10,10.0,24.441817,p95_finish_minus_ready_s,1.0,ma/annotate_bf16/stead/580st/EQCCT/cpu/kma10_krp0/sg/staggered/eager/bs512/xfer/result.json,0.90524379024839,0.9463500439753737
staggered,EQCCT,580,cpu,0,20,20.0,34.43017389999999,p95_finish_minus_ready_s,1.0,ma/annotate_bf16/stead/580st/EQCCT/cpu/kma20_krp0/sg/staggered/eager/bs512/xfer/result.json,0.90524379024839,0.9463500439753737
staggered,EQCCT,580,gpu,1,5,4.0,1.2304070999999983,p95_finish_minus_ready_s,1.0,ma/annotate_bf16/stead/580st/EQCCT/gpu/kma4_krp0/sg/staggered/eager/bs512/xfer/result.json,0.90524379024839,0.9463500439753737
staggered,EQT-NC,250,cpu,0,5,5.0,4.403744,p95_finish_minus_ready_s,1.0,ma/annotate_bf16/stead/250st/EQT-NC/cpu/kma5_krp0/sg/staggered/eager/bs512/xfer/result.json,0.9083155650319829,0.962962962962963
staggered,EQT-NC,250,cpu,0,10,10.0,2.924047,p95_finish_minus_ready_s,1.0,ma/annotate_bf16/stead/250st/EQT-NC/cpu/kma10_krp0/sg/staggered/eager/bs512/xfer/result.json,0.9083155650319829,0.962962962962963
staggered,EQT-NC,250,gpu,1,5,4.0,0.69983085,p95_finish_minus_ready_s,1.0,ma/annotate_bf16/stead/250st/EQT-NC/gpu/kma4_krp0/sg/staggered/eager/bs512/xfer/result.json,0.9102564102564101,0.9670781893004115
staggered,EQT-NC,580,cpu,0,5,5.0,11.52481,p95_finish_minus_ready_s,1.0,ma/annotate_bf16/stead/580st/EQT-NC/cpu/kma5_krp0/sg/staggered/eager/bs512/xfer/result.json,0.9142857142857143,0.9638766519823789
staggered,EQT-NC,580,cpu,0,10,10.0,6.789813,p95_finish_minus_ready_s,1.0,ma/annotate_bf16/stead/580st/EQT-NC/cpu/kma10_krp0/sg/staggered/eager/bs512/xfer/result.json,0.9142857142857143,0.9638766519823789
staggered,EQT-NC,580,cpu,0,20,20.0,8.476370299999985,p95_finish_minus_ready_s,1.0,ma/annotate_bf16/stead/580st/EQT-NC/cpu/kma20_krp0/sg/staggered/eager/bs512/xfer/result.json,0.9142857142857143,0.9638766519823789
staggered,EQT-NC,580,gpu,1,5,4.0,1.1285273499999995,p95_finish_minus_ready_s,1.0,ma/annotate_bf16/stead/580st/EQT-NC/gpu/kma4_krp0/sg/staggered/eager/bs512/xfer/result.json,0.915129151291513,0.9656387665198237
staggered,EQTransformer,250,cpu,0,5,5.0,5.099226,p95_finish_minus_ready_s,1.0,ma/annotate_bf16/stead/250st/EQTransformer/cpu/kma5_krp0/sg/staggered/eager/bs512/xfer/result.json,0.9063829787234042,0.9608247422680413
staggered,EQTransformer,250,cpu,0,10,10.0,3.586887,p95_finish_minus_ready_s,1.0,ma/annotate_bf16/stead/250st/EQTransformer/cpu/kma10_krp0/sg/staggered/eager/bs512/xfer/result.json,0.9063829787234042,0.9608247422680413
staggered,EQTransformer,250,gpu,1,5,4.0,1.0319004999999999,p95_finish_minus_ready_s,1.0,ma/annotate_bf16/stead/250st/EQTransformer/gpu/kma4_krp0/sg/staggered/eager/bs512/xfer/result.json,0.9087048832271761,0.9608247422680413
staggered,EQTransformer,580,cpu,0,5,5.0,11.939726,p95_finish_minus_ready_s,1.0,ma/annotate_bf16/stead/580st/EQTransformer/cpu/kma5_krp0/sg/staggered/eager/bs512/xfer/result.json,0.9142857142857143,0.9656387665198237
staggered,EQTransformer,580,cpu,0,10,10.0,7.155563,p95_finish_minus_ready_s,1.0,ma/annotate_bf16/stead/580st/EQTransformer/cpu/kma10_krp0/sg/staggered/eager/bs512/xfer/result.json,0.9142857142857143,0.9656387665198237
staggered,EQTransformer,580,cpu,0,20,20.0,9.550178899999997,p95_finish_minus_ready_s,1.0,ma/annotate_bf16/stead/580st/EQTransformer/cpu/kma20_krp0/sg/staggered/eager/bs512/xfer/result.json,0.9142857142857143,0.9656387665198237
staggered,EQTransformer,580,gpu,1,5,4.0,1.3871138999999997,p95_finish_minus_ready_s,1.0,ma/annotate_bf16/stead/580st/EQTransformer/gpu/kma4_krp0/sg/staggered/eager/bs512/xfer/result.json,0.9150855038147856,0.9654563394945186
staggered,PhaseNet,250,cpu,0,5,5.0,1.60751,p95_finish_minus_ready_s,1.0,ma/annotate_bf16/stead/250st/PhaseNet/cpu/kma5_krp0/sg/staggered/eager/bs512/xfer/result.json,0.9641434262948207,0.9336016096579478
staggered,PhaseNet,250,cpu,0,10,10.0,1.096263,p95_finish_minus_ready_s,1.0,ma/annotate_bf16/stead/250st/PhaseNet/cpu/kma10_krp0/sg/staggered/eager/bs512/xfer/result.json,0.9641434262948207,0.9336016096579478
staggered,PhaseNet,250,gpu,1,5,2.0,0.337477,p95_finish_minus_ready_s,1.0,ma/annotate_bf16/stead/250st/PhaseNet/gpu/kma2_krp0/sg/staggered/eager/bs512/xfer/result.json,0.9620758483033932,0.9314516129032259
staggered,PhaseNet,580,cpu,0,5,5.0,3.140465,p95_finish_minus_ready_s,1.0,ma/annotate_bf16/stead/580st/PhaseNet/cpu/kma5_krp0/sg/staggered/eager/bs512/xfer/result.json,0.9742710120068611,0.9365351629502573
staggered,PhaseNet,580,cpu,0,10,10.0,2.307674,p95_finish_minus_ready_s,1.0,ma/annotate_bf16/stead/580st/PhaseNet/cpu/kma10_krp0/sg/staggered/eager/bs512/xfer/result.json,0.9742710120068611,0.9365351629502573
staggered,PhaseNet,580,cpu,0,20,20.0,2.3451313499999995,p95_finish_minus_ready_s,1.0,ma/annotate_bf16/stead/580st/PhaseNet/cpu/kma20_krp0/sg/staggered/eager/bs512/xfer/result.json,0.9742710120068611,0.9365351629502573
staggered,PhaseNet,580,gpu,1,5,4.0,0.43130779999999924,p95_finish_minus_ready_s,1.0,ma/annotate_bf16/stead/580st/PhaseNet/gpu/kma4_krp0/sg/staggered/eager/bs512/xfer/result.json,0.9733905579399142,0.9366438356164384
staggered,PhaseNetLight,250,cpu,0,5,5.0,0.410087,p95_finish_minus_ready_s,1.0,ma/annotate_bf16/stead/250st/PhaseNetLight/cpu/kma5_krp0/sg/staggered/eager/bs512/xfer/result.json,0.9409448818897638,0.9437751004016064
staggered,PhaseNetLight,250,cpu,0,10,10.0,0.288678,p95_finish_minus_ready_s,1.0,ma/annotate_bf16/stead/250st/PhaseNetLight/cpu/kma10_krp0/sg/staggered/eager/bs512/xfer/result.json,0.9409448818897638,0.9437751004016064
staggered,PhaseNetLight,250,gpu,1,5,4.0,0.22561359999999997,p95_finish_minus_ready_s,1.0,ma/annotate_bf16/stead/250st/PhaseNetLight/gpu/kma4_krp0/sg/staggered/eager/bs512/xfer/result.json,0.9409448818897638,0.9437751004016064
staggered,PhaseNetLight,580,cpu,0,5,5.0,0.895127,p95_finish_minus_ready_s,1.0,ma/annotate_bf16/stead/580st/PhaseNetLight/cpu/kma5_krp0/sg/staggered/eager/bs512/xfer/result.json,0.958226768968457,0.9445407279029462
staggered,PhaseNetLight,580,cpu,0,10,10.0,0.558164,p95_finish_minus_ready_s,1.0,ma/annotate_bf16/stead/580st/PhaseNetLight/cpu/kma10_krp0/sg/staggered/eager/bs512/xfer/result.json,0.958226768968457,0.9445407279029462
staggered,PhaseNetLight,580,cpu,0,20,20.0,0.7302336499999997,p95_finish_minus_ready_s,1.0,ma/annotate_bf16/stead/580st/PhaseNetLight/cpu/kma20_krp0/sg/staggered/eager/bs512/xfer/result.json,0.958226768968457,0.9445407279029462
staggered,PhaseNetLight,580,gpu,1,5,4.0,0.3786804499999954,p95_finish_minus_ready_s,1.0,ma/annotate_bf16/stead/580st/PhaseNetLight/gpu/kma4_krp0/sg/staggered/eager/bs512/xfer/result.json,0.959114139693356,0.9436253252385083
